node_id,node_type,feeder_name,lon,lat,utm_x,utm_y,attributes,block_name
NODE_0000,switch_isolator,KUWINDA EX LANGATA,36.7716118,-1.3208045,252038.75,9853899.97,Switch Number=OD,SIMBOLOS_L_1484
NODE_0001,switch_isolator,KUWINDA EX LANGATA,36.7721854,-1.3194461,252102.48,9854050.28,Switch Number=Y190,SIMBOLOS_L_1484
NODE_0002,switch_isolator,KUWINDA EX LANGATA,36.7728208,-1.3193585,252173.2,9854060.04,Switch Number=OD,SIMBOLOS_L_1484
NODE_0003,switch_isolator,NDALATI EX LANGATA,36.773683,-1.3081171,252268.09,9855303.59,Switch Number=Y5401,SIMBOLOS_L_1484
NODE_0004,switch_isolator,NDALATI EX LANGATA,36.7746104,-1.3130152,252371.82,9854761.88,Switch Number=Y5302,SIMBOLOS_L_1484
NODE_0005,switch_isolator,KUWINDA EX LANGATA,36.7753597,-1.319998,252455.93,9853989.56,Switch Number=TAPLIN,SIMBOLOS_L_1484
NODE_0006,switch_isolator,NDALATI EX LANGATA,36.7769085,-1.3164659,252628.01,9854380.41,Switch Number=Y5408,SIMBOLOS_L_1484
NODE_0007,switch_isolator,NDALATI EX LANGATA,36.7771794,-1.3180499,252658.32,9854205.22,Switch Number=Y5301,SIMBOLOS_L_1484
NODE_0008,switch_isolator,NDALATI EX LANGATA,36.7779744,-1.3096176,252746.0,9855138.03,Switch Number=OSM NO 075,SIMBOLOS_L_1484
NODE_0009,switch_isolator,NDALATI EX LANGATA,36.7780434,-1.3096775,252753.69,9855131.42,Switch Number=Y5179,SIMBOLOS_L_1484
NODE_0010,switch_isolator,NDALATI EX LANGATA,36.7782107,-1.3081123,252772.16,9855304.57,Switch Number=Y5050,SIMBOLOS_L_1484
NODE_0011,switch_isolator,KUWINDA EX LANGATA,36.7791944,-1.3244937,252883.28,9853492.65,Switch Number=Y2099,SIMBOLOS_L_1484
NODE_0012,switch_isolator,NDALATI EX LANGATA,36.7835722,-1.3226436,253370.48,9853697.72,Switch Number=Y195,SIMBOLOS_L_1484
NODE_0013,switch_isolator,NDALATI EX LANGATA,36.7838033,-1.3227202,253396.22,9853689.28,Switch Number=AY195,SIMBOLOS_L_1484
NODE_0014,switch_isolator,NDALATI EX LANGATA,36.7875661,-1.314156,253814.29,9854636.96,Switch Number=Y5405,SIMBOLOS_L_1484
NODE_0015,switch_isolator,NDALATI EX LANGATA,36.7876915,-1.3140152,253828.23,9854652.55,Switch Number=Y182390,SIMBOLOS_L_1484
NODE_0016,switch_isolator,HARDY EX LANGATA,36.7879693,-1.3200536,253859.76,9853984.66,Switch Number=Y150,SIMBOLOS_L_1484
NODE_0017,switch_isolator,HARDY EX LANGATA,36.7895571,-1.3221021,254036.72,9853758.22,Switch Number=Y152,SIMBOLOS_L_1484
NODE_0018,switch_isolator,HARDY EX LANGATA,36.7897207,-1.3223573,254054.96,9853730.01,Switch Number=Y187,SIMBOLOS_L_1484
NODE_0019,switch_isolator,HARDY EX LANGATA,36.7897929,-1.3227219,254063.03,9853689.69,Switch Number=Y165,SIMBOLOS_L_1484
NODE_0020,switch_isolator,HARDY EX LANGATA,36.7959554,-1.3218435,254749.01,9853787.46,Switch Number=Y145,SIMBOLOS_L_1484
NODE_0021,switch_isolator,KAREN HOSPITAL EX LANGATA,36.8102677,-1.3272568,256342.9,9853190.09,Switch Number=FUSE,SIMBOLOS_L_1484
NODE_0022,switch_isolator,KAREN HOSPITAL EX LANGATA,36.8103345,-1.326774,256350.29,9853243.51,Switch Number=FUSE,SIMBOLOS_L_1484
NODE_0023,switch_isolator,KAREN HOSPITAL EX LANGATA,36.803046,-1.3251131,255538.71,9853426.5,Switch Number=FUSE,SIMBOLOS_L_1484
NODE_0024,switch_isolator,KAREN HOSPITAL EX LANGATA,36.8058565,-1.327446,255851.83,9853168.73,Switch Number=TAPLIN,SIMBOLOS_L_1484
NODE_0025,switch_isolator,OTIENDE EX LANGATA,36.7662757,-1.3388607,251446.49,9851902.15,Switch Number=Y5297,SIMBOLOS_L_1484
NODE_0026,switch_isolator,OTIENDE EX LANGATA,36.7662866,-1.338837,251447.7,9851904.77,Switch Number=Y5298,SIMBOLOS_L_1484
NODE_0027,switch_isolator,SOWETO EX LANGATA,36.7571335,-1.338741,250428.67,9851914.46,Switch Number=Y5174,SIMBOLOS_L_1484
NODE_0028,switch_isolator,SOWETO EX LANGATA,36.757058,-1.3387298,250420.26,9851915.69,Switch Number=Y5175,SIMBOLOS_L_1484
NODE_0029,switch_isolator,MAGADI  EX LANGATA,36.7847152,-1.3385643,253499.31,9851936.79,Switch Number=TAPLIN,SIMBOLOS_L_1484
NODE_0030,switch_isolator,MAGADI  EX LANGATA,36.784121,-1.3380087,253433.11,9851998.19,Switch Number=TAPLIN,SIMBOLOS_L_1484
NODE_0031,switch_isolator,SOWETO EX LANGATA,36.7552785,-1.3372817,250222.0,9852075.69,Switch Number=Y5178,SIMBOLOS_L_1484
NODE_0032,switch_isolator,OTIENDE EX LANGATA,36.7663885,-1.336246,251458.79,9852191.39,Switch Number=Y5118,SIMBOLOS_L_1484
NODE_0033,switch_isolator,NGEI EX LANGATA,36.7750667,-1.3336699,252424.67,9852477.21,Switch Number=ABS,SIMBOLOS_L_1484
NODE_0034,switch_isolator,HARDY EX LANGATA,36.7852932,-1.3318643,253562.99,9852677.96,Switch Number=Y144,SIMBOLOS_L_1484
NODE_0035,switch_isolator,NGEI EX LANGATA,36.7661837,-1.3316931,251435.52,9852694.98,Switch Number=Otiende  Kuwinda ,SIMBOLOS_L_1484
NODE_0036,switch_isolator,NGEI EX LANGATA,36.778964,-1.3314483,252858.33,9852723.34,Switch Number=Y5198,SIMBOLOS_L_1484
NODE_0037,switch_isolator,KAREN HOSPITAL EX LANGATA,36.7991711,-1.3313797,255107.95,9852732.95,Switch Number=FUSE,SIMBOLOS_L_1484
NODE_0038,switch_isolator,NGEI EX LANGATA,36.779866,-1.3310998,252958.71,9852761.98,Switch Number=TAPLIN,SIMBOLOS_L_1484
NODE_0039,switch_isolator,KUWINDA EX LANGATA,36.780397,-1.3297754,253017.69,9852908.54,Switch Number=Y5300,SIMBOLOS_L_1484
NODE_0040,switch_isolator,KUWINDA EX LANGATA,36.7812214,-1.3297665,253109.48,9852909.6,Switch Number=Y5303,SIMBOLOS_L_1484
NODE_0041,switch_isolator,KUWINDA EX LANGATA,36.7811671,-1.3296827,253103.43,9852918.87,Switch Number=Y137,SIMBOLOS_L_1484
NODE_0042,switch_isolator,KAREN HOSPITAL EX LANGATA,36.7991257,-1.3293996,255102.7,9852951.97,Switch Number=OD,SIMBOLOS_L_1484
NODE_0043,switch_isolator,HARDY EX LANGATA,36.7831139,-1.3291139,253320.1,9852981.97,Switch Number=Y143,SIMBOLOS_L_1484
NODE_0044,switch_isolator,KAREN HOSPITAL EX LANGATA,36.7987104,-1.3291078,255056.44,9852984.2,Switch Number=OD,BDIV10_INFO
NODE_0045,switch_isolator,KAREN HOSPITAL EX LANGATA,36.7986781,-1.329045,255052.83,9852991.15,Switch Number=OD,BDIV10_INFO
NODE_0046,switch_isolator,HARDY EX LANGATA,36.7846785,-1.3277056,253494.15,9853137.91,Switch Number=Y153,SIMBOLOS_L_1484
NODE_0047,switch_isolator,MAGADI  EX LANGATA,36.7691372,-1.378031,251769.06,9847569.62,Switch Number=Y172,SIMBOLOS_L_1484
NODE_0048,switch_isolator,MAGADI  EX LANGATA,36.7661749,-1.3777389,251439.25,9847601.61,Switch Number=Y171,SIMBOLOS_L_1484
NODE_0049,switch_isolator,SOWETO EX LANGATA,36.7666957,-1.3693426,251496.36,9848530.43,Switch Number=Y118,SIMBOLOS_L_1484
NODE_0050,switch_isolator,SOWETO EX LANGATA,36.7669481,-1.3686441,251524.39,9848607.72,Switch Number=Y146,SIMBOLOS_L_1484
NODE_0051,switch_isolator,SOWETO EX LANGATA,36.7433543,-1.3619013,248897.0,9849351.13,Switch Number=Y0115,SIMBOLOS_L_1484
NODE_0052,switch_isolator,SOWETO EX LANGATA,36.7557337,-1.3586911,250274.87,9849707.51,Switch Number=Y5278,SIMBOLOS_L_1484
NODE_0053,switch_isolator,SOWETO EX LANGATA,36.7612268,-1.3539836,250885.93,9850228.81,Switch Number=Y113,SIMBOLOS_L_1484
NODE_0054,switch_isolator,SOWETO EX LANGATA,36.760853,-1.3528426,250844.21,9850354.98,Switch Number=AY113,SIMBOLOS_L_1484
NODE_0055,switch_isolator,SOWETO EX LANGATA,36.7569165,-1.3499486,250405.65,9850674.7,Switch Number=AY1104,SIMBOLOS_L_1484
NODE_0056,switch_isolator,SOWETO EX LANGATA,36.7554564,-1.3495662,250243.06,9850716.84,Switch Number=Y1104,SIMBOLOS_L_1484
NODE_0057,switch_isolator,SOWETO EX LANGATA,36.7552969,-1.3478968,250225.13,9850901.49,Switch Number=SWITCH,SIMBOLOS_L_1484
NODE_0058,switch_isolator,SOWETO EX LANGATA,36.7552368,-1.3476963,250218.42,9850923.66,Switch Number=L B S,SIMBOLOS_L_1484
NODE_0059,switch_isolator,SOWETO EX LANGATA,36.7569625,-1.3470971,250410.49,9850990.12,Switch Number=SWITCH,SIMBOLOS_L_1484
NODE_0060,switch_isolator,OTIENDE EX LANGATA,36.7651365,-1.3415533,251319.93,9851604.19,Switch Number=AY101,SIMBOLOS_L_1484
NODE_0061,switch_isolator,OTIENDE EX LANGATA,36.7652186,-1.3412911,251329.05,9851633.2,Switch Number=Y101,SIMBOLOS_L_1484
NODE_0062,switch_isolator,OTIENDE EX LANGATA,36.7652169,-1.3400905,251328.74,9851766.01,Switch Number=Y100,SIMBOLOS_L_1484
NODE_0063,switch_isolator,SOWETO EX LANGATA,36.7567737,-1.3398934,250388.74,9851786.94,Switch Number=Y5176,SIMBOLOS_L_1484
NODE_0064,switch_isolator,SOWETO EX LANGATA,36.7568914,-1.33905,250401.76,9851880.26,Switch Number=Y5177,SIMBOLOS_L_1484
NODE_0065,switch_isolator,OTIENDE EX LANGATA,36.7663219,-1.3388641,251451.63,9851901.77,Switch Number=Y5299,SIMBOLOS_L_1484
NODE_0066,switch_isolator,KAREN HOSPITAL EX LANGATA,36.802177,-1.3285092,255442.31,9853050.76,Switch Number=FUSE,SIMBOLOS_L_1484
NODE_0067,switch_isolator,KAREN HOSPITAL EX LANGATA,36.8022978,-1.3284052,255455.75,9853062.28,Switch Number=Y5195,SIMBOLOS_L_1484
NODE_0068,switch_isolator,KAREN HOSPITAL EX LANGATA,36.8115088,-1.3275466,256481.09,9853158.16,Switch Number=TAPLIN,SIMBOLOS_L_1484
NODE_0069,switch_isolator,KAREN HOSPITAL EX LANGATA,36.8119849,-1.3281919,256534.16,9853086.83,Switch Number=FUSE,SIMBOLOS_L_1484
NODE_0070,switch_isolator,SOWETO EX LANGATA,36.7265793,-1.307009,247023.81,9855421.46,Switch Number=Y5271,SIMBOLOS_L_1484
NODE_0071,switch_isolator,SOWETO EX LANGATA,36.72605,-1.3342982,246967.64,9852402.72,Switch Number=Y5139,SIMBOLOS_L_1484
NODE_0072,switch_isolator,SOWETO EX LANGATA,36.7261071,-1.3343071,246974.0,9852401.74,Switch Number=ACO,SIMBOLOS_L_1484
NODE_0073,switch_isolator,SOWETO EX LANGATA,36.7261071,-1.3343071,246974.0,9852401.74,Switch Number=Y5140,SIMBOLOS_L_1484
NODE_0074,switch_isolator,SOWETO EX LANGATA,36.7276534,-1.3345347,247146.18,9852376.73,Switch Number=Y1113,SIMBOLOS_L_1484
NODE_0075,switch_isolator,SOWETO EX LANGATA,36.740344,-1.3586305,248561.53,9849712.61,Switch Number=Y5251,SIMBOLOS_L_1484
NODE_0076,switch_isolator,SOWETO EX LANGATA,36.7439945,-1.3367819,248965.69,9852129.82,Switch Number=Y5306,SIMBOLOS_L_1484
NODE_0077,switch_isolator,SOWETO EX LANGATA,36.7462609,-1.3544278,249219.82,9850178.12,Switch Number=SWITCH,SIMBOLOS_L_1484
NODE_0078,switch_isolator,SOWETO EX LANGATA,36.7463071,-1.3544291,249224.97,9850177.98,Switch Number=OD N O,SIMBOLOS_L_1484
NODE_0079,switch_isolator,SOWETO EX LANGATA,36.7462405,-1.35441,249217.55,9850180.09,Switch Number=OD N O ,SIMBOLOS_L_1484
NODE_0080,switch_isolator,SOWETO EX LANGATA,36.7463071,-1.3544291,249224.97,9850177.98,Switch Number=FAUL THROWER,SIMBOLOS_L_1484
NODE_0081,switch_isolator,SOWETO EX LANGATA,36.7489298,-1.3375928,249515.23,9852040.63,Switch Number=Y122,SIMBOLOS_L_1484
NODE_0082,switch_isolator,SOWETO EX LANGATA,36.749523,-1.3385383,249581.38,9851936.11,Switch Number=Y119,SIMBOLOS_L_1484
NODE_0083,switch_isolator,SOWETO EX LANGATA,36.7498932,-1.3561555,249624.39,9849987.39,Switch Number=Y183,SIMBOLOS_L_1484
NODE_0084,switch_isolator,SOWETO EX LANGATA,36.7507692,-1.3317778,249719.43,9852684.05,Switch Number=FUSES,SIMBOLOS_L_1484
NODE_0085,switch_isolator,SOWETO EX LANGATA,36.7512392,-1.3479923,249773.4,9850890.51,Switch Number=FUSE,SIMBOLOS_L_1484
NODE_0086,switch_isolator,SOWETO EX LANGATA,36.7520495,-1.3607933,249864.93,9849474.6,Switch Number=Y5254,SIMBOLOS_L_1484
NODE_0087,switch_isolator,SOWETO EX LANGATA,36.7435873,-1.3720367,248924.0,9848230.01,Switch Number=Y5138,SIMBOLOS_L_1484
NODE_0088,switch_isolator,SOWETO EX LANGATA,36.7450725,-1.3718688,249089.32,9848248.74,Switch Number=Y1118,SIMBOLOS_L_1484
NODE_0089,secondary_substation,SOWETO EX LANGATA,36.7358174,-1.3359671,248055.24,9852219.12,Substation Number=218557,SIMBOLOS_N_158
NODE_0090,secondary_substation,HARDY EX LANGATA,36.7919345,-1.3240586,254301.58,9853542.05,Substation Number=146711; Number of Customers=0,SIMBOLOS_N_158
NODE_0091,secondary_substation,KAREN HOSPITAL EX LANGATA,36.8179036,-1.3285237,257193.1,9853050.71,Substation Number=196948; Number of Customers=37,SIMBOLOS_N_158
NODE_0092,secondary_substation,KUWINDA EX LANGATA,36.776167,-1.3206095,252545.86,9853921.99,Substation Number=00360; Number of Customers=207,SIMBOLOS_N_158
NODE_0093,secondary_substation,SOWETO EX LANGATA,36.7478296,-1.3374384,249392.73,9852057.6,Substation Number=13527; Number of Customers=128,SIMBOLOS_N_158
NODE_0094,secondary_substation,SOWETO EX LANGATA,36.7435292,-1.3379394,248914.02,9852001.74,Substation Number=00399; Number of Customers=21,SIMBOLOS_N_158
NODE_0095,secondary_substation,SOWETO EX LANGATA,36.7396697,-1.3319967,248483.72,9852658.71,Substation Number=169222; Number of Customers=31,SIMBOLOS_N_158
NODE_0096,secondary_substation,SOWETO EX LANGATA,36.75782,-1.3773403,250509.07,9847644.84,Substation Number=00467; Number of Customers=24,SIMBOLOS_N_158
NODE_0097,secondary_substation,SOWETO EX LANGATA,36.7496534,-1.3713779,249599.27,9848303.52,Substation Number=00449; Number of Customers=16,SIMBOLOS_N_158
NODE_0098,secondary_substation,MAGADI  EX LANGATA,36.7673377,-1.3735835,251568.26,9848061.39,Substation Number=00461; Number of Customers=4,SIMBOLOS_N_158
NODE_0099,secondary_substation,SOWETO EX LANGATA,36.7573739,-1.3731342,250458.97,9848110.05,Substation Number=00466; Number of Customers=9,SIMBOLOS_N_158
NODE_0100,secondary_substation,NDALATI EX LANGATA,36.7805724,-1.3121487,253035.48,9854858.32,Substation Number=45590; Number of Customers=0,SIMBOLOS_N_158
NODE_0101,secondary_substation,KAREN HOSPITAL EX LANGATA,36.802994,-1.3256911,255532.99,9853362.56,Substation Number=205539,SIMBOLOS_N_158
NODE_0102,secondary_substation,SOWETO EX LANGATA,36.7432373,-1.3684314,248884.65,9848628.77,Substation Number=00445; Number of Customers=18,SIMBOLOS_N_158
NODE_0103,secondary_substation,HARDY EX LANGATA,36.7880023,-1.321227,253863.55,9853854.87,Substation Number=03902B; Number of Customers=134,SIMBOLOS_N_158
NODE_0104,secondary_substation,MAGADI  EX LANGATA,36.7898242,-1.3386511,254068.09,9851927.71,Substation Number=194842,SIMBOLOS_N_158
NODE_0105,secondary_substation,KUWINDA EX LANGATA,36.7621342,-1.3223447,250983.75,9853728.65,Substation Number=205626,SIMBOLOS_N_158
NODE_0106,secondary_substation,SOWETO EX LANGATA,36.7657752,-1.3634821,251393.28,9849178.59,Substation Number=13595; Number of Customers=1,SIMBOLOS_N_158
NODE_0107,secondary_substation,NGEI EX LANGATA,36.7786291,-1.3316541,252821.06,9852700.54,Substation Number=04282; Number of Customers=3,SIMBOLOS_N_158
NODE_0108,secondary_substation,SOWETO EX LANGATA,36.7576033,-1.3536915,250482.5,9850260.74,Substation Number=00454NR; Number of Customers=133,SIMBOLOS_N_158
NODE_0109,secondary_substation,HARDY EX LANGATA,36.7846766,-1.3277041,253493.94,9853138.08,Substation Number=03170B; Number of Customers=399,SIMBOLOS_N_158
NODE_0110,secondary_substation,NDALATI EX LANGATA,36.7806408,-1.312097,253043.09,9854864.05,Substation Number=103340; Number of Customers=216,SIMBOLOS_N_158
NODE_0111,secondary_substation,SOWETO EX LANGATA,36.756044,-1.3500221,250308.52,9850666.48,Substation Number=04058A; Number of Customers=40,SIMBOLOS_N_158
NODE_0112,secondary_substation,NDALATI EX LANGATA,36.7800507,-1.311882,252977.38,9854887.76,Substation Number=45595; Number of Customers=6,SIMBOLOS_N_158
NODE_0113,secondary_substation,NDALATI EX LANGATA,36.779085,-1.3135559,252870.03,9854702.51,Substation Number=G44346; Number of Customers=155,SIMBOLOS_N_158
NODE_0114,secondary_substation,KUWINDA EX LANGATA,36.7716118,-1.3208045,252038.75,9853899.97,Substation Number=14528B; Number of Customers=124,SIMBOLOS_N_158
NODE_0115,secondary_substation,NDALATI EX LANGATA,36.779309,-1.3137653,252894.99,9854679.37,Substation Number=45653; Number of Customers=0,SIMBOLOS_N_158
NODE_0116,secondary_substation,NDALATI EX LANGATA,36.7801307,-1.3135353,252986.44,9854704.89,Substation Number=45651; Number of Customers=0,SIMBOLOS_N_158
NODE_0117,secondary_substation,NDALATI EX LANGATA,36.7816224,-1.312242,253152.38,9854848.1,Substation Number=45633; Number of Customers=0,SIMBOLOS_N_158
NODE_0118,secondary_substation,SOWETO EX LANGATA,36.7567044,-1.3655492,250383.64,9848949.0,Substation Number=00457; Number of Customers=58,SIMBOLOS_N_158
NODE_0119,secondary_substation,SOWETO EX LANGATA,36.7621672,-1.3477906,250989.99,9850913.94,Substation Number=00409; Number of Customers=22,SIMBOLOS_N_158
NODE_0120,secondary_substation,SOWETO EX LANGATA,36.7609464,-1.3532138,250854.63,9850313.92,Substation Number=12105; Number of Customers=67,SIMBOLOS_N_158
NODE_0121,secondary_substation,SOWETO EX LANGATA,36.7494783,-1.3508804,249577.65,9850570.86,Substation Number=13129; Number of Customers=78,SIMBOLOS_N_158
NODE_0122,secondary_substation,NDALATI EX LANGATA,36.7818524,-1.312547,253178.02,9854814.38,Substation Number=45634; Number of Customers=0,SIMBOLOS_N_158
NODE_0123,secondary_substation,HARDY EX LANGATA,36.789687,-1.3227199,254051.24,9853689.9,Substation Number=12230; Number of Customers=81,SIMBOLOS_N_158
NODE_0124,secondary_substation,SOWETO EX LANGATA,36.7440652,-1.3274275,248972.62,9853164.58,Substation Number=13950; Number of Customers=9,SIMBOLOS_N_158
NODE_0125,secondary_substation,HARDY EX LANGATA,36.7852664,-1.3321877,253560.05,9852642.19,Substation Number=00413B; Number of Customers=494,SIMBOLOS_N_158
NODE_0126,secondary_substation,NGEI EX LANGATA,36.7798466,-1.3333439,252956.78,9852513.76,Substation Number=13316B; Number of Customers=0,SIMBOLOS_N_158
NODE_0127,secondary_substation,KAREN HOSPITAL EX LANGATA,36.7992215,-1.3293516,255113.36,9852957.29,Substation Number=45099B; Number of Customers=0,SIMBOLOS_N_158
NODE_0128,secondary_substation,OTIENDE EX LANGATA,36.7640096,-1.3397938,251194.3,9851798.69,Substation Number=00407; Number of Customers=10,SIMBOLOS_N_158
NODE_0129,secondary_substation,KAREN HOSPITAL EX LANGATA,36.7948144,-1.3345002,254623.23,9852387.35,Substation Number=13121; Number of Customers=0,SIMBOLOS_N_158
NODE_0130,secondary_substation,KAREN HOSPITAL EX LANGATA,36.7986781,-1.329045,255052.83,9852991.15,Substation Number=45100B; Number of Customers=1,SIMBOLOS_N_158
NODE_0131,secondary_substation,HARDY EX LANGATA,36.7934505,-1.3260581,254470.56,9853321.02,Substation Number=32425; Number of Customers=1,SIMBOLOS_N_158
NODE_0132,secondary_substation,KAREN HOSPITAL EX LANGATA,36.795031,-1.3296681,254646.87,9852921.87,Substation Number=01573; Number of Customers=49,SIMBOLOS_N_158
NODE_0133,secondary_substation,SOWETO EX LANGATA,36.7443481,-1.3260729,249003.98,9853314.46,Substation Number=04569; Number of Customers=63,SIMBOLOS_N_158
NODE_0134,secondary_substation,KAREN HOSPITAL EX LANGATA,36.7980877,-1.3306494,254987.26,9852813.63,Substation Number=32364; Number of Customers=0,SIMBOLOS_N_158
NODE_0135,secondary_substation,MAGADI  EX LANGATA,36.7913194,-1.3378731,254234.48,9852013.91,Substation Number=00414; Number of Customers=12,SIMBOLOS_N_158
NODE_0136,secondary_substation,NDALATI EX LANGATA,36.78132,-1.3106574,253118.57,9855023.34,Substation Number=147882; Number of Customers=0,SIMBOLOS_N_158
NODE_0137,secondary_substation,KAREN HOSPITAL EX LANGATA,36.8058846,-1.3277831,255854.99,9853131.44,Substation Number=45020B; Number of Customers=4,SIMBOLOS_N_158
NODE_0138,secondary_substation,SOWETO EX LANGATA,36.7539665,-1.3503498,250077.28,9850630.01,Substation Number=13546; Number of Customers=40,SIMBOLOS_N_158
NODE_0139,secondary_substation,NGEI EX LANGATA,36.7715577,-1.3354502,252034.19,9852279.93,Substation Number=04518; Number of Customers=3,SIMBOLOS_N_158
NODE_0140,secondary_substation,NDALATI EX LANGATA,36.7814147,-1.3137784,253129.41,9854678.13,Substation Number=45645; Number of Customers=35,SIMBOLOS_N_158
NODE_0141,secondary_substation,NDALATI EX LANGATA,36.7817107,-1.3115837,253162.15,9854920.93,Substation Number=45587; Number of Customers=0,SIMBOLOS_N_158
NODE_0142,secondary_substation,NDALATI EX LANGATA,36.7803307,-1.3119103,253008.55,9854884.66,Substation Number=45594; Number of Customers=1,SIMBOLOS_N_158
NODE_0143,secondary_substation,NDALATI EX LANGATA,36.779934,-1.313487,252964.54,9854710.22,Substation Number=45652; Number of Customers=76,SIMBOLOS_N_158
NODE_0144,secondary_substation,NDALATI EX LANGATA,36.7816716,-1.3132508,253157.96,9854736.51,Substation Number=45648; Number of Customers=0,SIMBOLOS_N_158
NODE_0145,secondary_substation,NDALATI EX LANGATA,36.7815807,-1.3124603,253147.77,9854823.94,Substation Number=45635; Number of Customers=0,SIMBOLOS_N_158
NODE_0146,secondary_substation,NDALATI EX LANGATA,36.7794424,-1.313337,252909.79,9854726.76,Substation Number=45653_D; Number of Customers=0,SIMBOLOS_N_158
NODE_0147,secondary_substation,SOWETO EX LANGATA,36.7554544,-1.3480467,250242.69,9850884.92,Substation Number=NO NO 1; Number of Customers=1,SIMBOLOS_N_158
NODE_0148,secondary_substation,NDALATI EX LANGATA,36.7797499,-1.3117806,252943.88,9854898.96,Substation Number=101857; Number of Customers=0,SIMBOLOS_N_158
NODE_0149,secondary_substation,SOWETO EX LANGATA,36.7571824,-1.339692,250434.22,9851809.27,Substation Number=LOCAL TX1; Number of Customers=0,SIMBOLOS_N_158
NODE_0150,secondary_substation,SOWETO EX LANGATA,36.7571874,-1.339717,250434.78,9851806.51,Substation Number=LOCAL TX2; Number of Customers=0,SIMBOLOS_N_158
NODE_0151,secondary_substation,NDALATI EX LANGATA,36.7845386,-1.318518,253477.67,9854154.18,Substation Number=14406; Number of Customers=41,SIMBOLOS_N_158
NODE_0152,secondary_substation,KUWINDA EX LANGATA,36.7820999,-1.3291949,253207.22,9852972.91,Substation Number=03094; Number of Customers=86,SIMBOLOS_N_158
NODE_0153,secondary_substation,SOWETO EX LANGATA,36.7254925,-1.3327731,246905.42,9852571.36,Substation Number=15104B; Number of Customers=4,SIMBOLOS_N_158
NODE_0154,secondary_substation,KUWINDA EX LANGATA,36.7752356,-1.3187102,252441.98,9854131.99,Substation Number=00354; Number of Customers=220,SIMBOLOS_N_158
NODE_0155,secondary_substation,NDALATI EX LANGATA,36.7793324,-1.3122153,252897.44,9854850.82,Substation Number=45597; Number of Customers=20,SIMBOLOS_N_158
NODE_0156,secondary_substation,SOWETO EX LANGATA,36.7435317,-1.344934,248915.01,9851228.02,Substation Number=12794; Number of Customers=50,SIMBOLOS_N_158
NODE_0157,secondary_substation,OTIENDE EX LANGATA,36.764561,-1.3432816,251256.03,9851412.95,Substation Number=16253; Number of Customers=3,SIMBOLOS_N_158
NODE_0158,secondary_substation,NDALATI EX LANGATA,36.7817222,-1.3133452,253163.61,9854726.07,Substation Number=45647; Number of Customers=24,SIMBOLOS_N_158
NODE_0159,secondary_substation,HARDY EX LANGATA,36.7877194,-1.3347952,253833.39,9852354.01,Substation Number=04592; Number of Customers=304,SIMBOLOS_N_158
NODE_0160,secondary_substation,SOWETO EX LANGATA,36.7356156,-1.3284839,248032.02,9853046.87,Substation Number=G34742; Number of Customers=37,SIMBOLOS_N_158
NODE_0161,secondary_substation,NDALATI EX LANGATA,36.7805171,-1.3121943,253029.33,9854853.27,Substation Number=45591; Number of Customers=0,SIMBOLOS_N_158
NODE_0162,secondary_substation,SOWETO EX LANGATA,36.7557266,-1.3668406,250274.92,9848806.05,Substation Number=16041; Number of Customers=42,SIMBOLOS_N_158
NODE_0163,secondary_substation,OTIENDE EX LANGATA,36.766461,-1.3389036,251467.13,9851897.42,Substation Number=205536,SIMBOLOS_N_158
NODE_0164,secondary_substation,NDALATI EX LANGATA,36.7808853,-1.3139466,253070.49,9854659.47,Substation Number=45643; Number of Customers=0,SIMBOLOS_N_158
NODE_0165,secondary_substation,NDALATI EX LANGATA,36.782073,-1.3117836,253202.51,9854898.85,Substation Number=45585; Number of Customers=14,SIMBOLOS_N_158
NODE_0166,secondary_substation,NDALATI EX LANGATA,36.7805281,-1.3153143,253030.86,9854508.15,Substation Number=109040; Number of Customers=0,SIMBOLOS_N_158
NODE_0167,secondary_substation,NDALATI EX LANGATA,36.7816757,-1.3215221,253159.23,9853821.59,Substation Number=45033; Number of Customers=72,SIMBOLOS_N_158
NODE_0168,secondary_substation,SOWETO EX LANGATA,36.7437895,-1.3526742,248944.5,9850371.84,Substation Number=262968,SIMBOLOS_N_158
NODE_0169,secondary_substation,KUWINDA EX LANGATA,36.7711557,-1.3243404,251988.33,9853508.8,Substation Number=263836,SIMBOLOS_N_158
NODE_0170,secondary_substation,SOWETO EX LANGATA,36.7614276,-1.3443927,250907.31,9851289.72,Substation Number=260412,SIMBOLOS_N_158
NODE_0171,secondary_substation,NDALATI EX LANGATA,36.7804225,-1.3122913,253018.81,9854842.52,Substation Number=266029,SIMBOLOS_N_158
NODE_0172,secondary_substation,HARDY EX LANGATA,36.7906353,-1.3288301,254157.42,9853014.12,Substation Number=208825,SIMBOLOS_N_158
NODE_0173,secondary_substation,NDALATI EX LANGATA,36.7773688,-1.3165626,252679.26,9854369.76,Substation Number=217187,SIMBOLOS_N_158
NODE_0174,secondary_substation,OTIENDE EX LANGATA,36.7669599,-1.3372271,251522.5,9852082.92,Substation Number=263653,SIMBOLOS_N_158
NODE_0175,secondary_substation,KUWINDA EX LANGATA,36.7717869,-1.3247002,252058.63,9853469.06,Substation Number=119676; Number of Customers=26,SIMBOLOS_N_158
NODE_0176,secondary_substation,KAREN HOSPITAL EX LANGATA,36.8034325,-1.3258588,255581.81,9853344.06,Substation Number=203199,SIMBOLOS_N_158
NODE_0177,secondary_substation,KAREN HOSPITAL EX LANGATA,36.8099461,-1.326473,256307.01,9853276.76,Substation Number=230830,SIMBOLOS_N_158
NODE_0178,secondary_substation,NGEI EX LANGATA,36.7679685,-1.3339183,251634.46,9852449.02,Substation Number=263651,SIMBOLOS_N_158
NODE_0179,secondary_substation,KAREN HOSPITAL EX LANGATA,36.8006932,-1.3291225,255277.17,9852982.78,Substation Number=225473,SIMBOLOS_N_158
NODE_0180,secondary_substation,KUWINDA EX LANGATA,36.7762897,-1.3237422,252559.83,9853575.48,Substation Number=101212; Number of Customers=25,SIMBOLOS_N_158
NODE_0181,secondary_substation,SOWETO EX LANGATA,36.7490651,-1.353001,249531.87,9850336.25,Substation Number=234675,SIMBOLOS_N_158
NODE_0182,secondary_substation,SOWETO EX LANGATA,36.7567353,-1.3578315,250386.29,9849802.71,Substation Number=267023,SIMBOLOS_N_158
NODE_0183,secondary_substation,KUWINDA EX LANGATA,36.7755703,-1.3239469,252479.77,9853552.76,Substation Number=NGEI LES; Number of Customers=122,SIMBOLOS_N_158
NODE_0184,secondary_substation,SOWETO EX LANGATA,36.7526105,-1.3383832,249925.09,9851953.57,Substation Number=257652,SIMBOLOS_N_158
NODE_0185,secondary_substation,KAREN HOSPITAL EX LANGATA,36.8082703,-1.326927,256120.5,9853226.38,Substation Number=214055,SIMBOLOS_N_158
NODE_0186,secondary_substation,MAGADI  EX LANGATA,36.7728057,-1.3747319,252177.13,9847934.92,Substation Number=227454,SIMBOLOS_N_158
NODE_0187,secondary_substation,SOWETO EX LANGATA,36.7424793,-1.355912,248798.96,9850013.56,Substation Number=257225,SIMBOLOS_N_158
NODE_0188,secondary_substation,SOWETO EX LANGATA,36.7489516,-1.3411051,249518.02,9851652.11,Substation Number=104290; Number of Customers=12,SIMBOLOS_N_158
NODE_0189,secondary_substation,NDALATI EX LANGATA,36.7741397,-1.3091717,252319.03,9855186.98,Substation Number=31733; Number of Customers=1548,SIMBOLOS_N_158
NODE_0190,secondary_substation,NDALATI EX LANGATA,36.7830662,-1.3055305,253312.47,9855590.63,Substation Number=231929,SIMBOLOS_N_158
NODE_0191,secondary_substation,SOWETO EX LANGATA,36.7422031,-1.3601266,248768.65,9849547.32,Substation Number=243804,SIMBOLOS_N_158
NODE_0192,secondary_substation,NDALATI EX LANGATA,36.7814442,-1.3086101,253132.19,9855249.82,Substation Number=00299; Number of Customers=553,SIMBOLOS_N_158
NODE_0193,secondary_substation,KAREN HOSPITAL EX LANGATA,36.8077426,-1.3277505,256061.84,9853135.24,Substation Number=45017B; Number of Customers=9,SIMBOLOS_N_158
NODE_0194,secondary_substation,NDALATI EX LANGATA,36.7757774,-1.3125587,252501.69,9854812.49,Substation Number=45627; Number of Customers=0,SIMBOLOS_N_158
NODE_0195,secondary_substation,NGEI EX LANGATA,36.763201,-1.3308444,251103.38,9852788.56,Substation Number=04100; Number of Customers=57,SIMBOLOS_N_158
NODE_0196,secondary_substation,NGEI EX LANGATA,36.7653,-1.3313297,251337.11,9852735.09,Substation Number=15964; Number of Customers=26,SIMBOLOS_N_158
NODE_0197,secondary_substation,NDALATI EX LANGATA,36.7750972,-1.3108138,252425.79,9855005.43,Substation Number=3693; Number of Customers=0,SIMBOLOS_N_158
NODE_0198,secondary_substation,HARDY EX LANGATA,36.7851372,-1.3241844,253544.87,9853527.46,Substation Number=03601; Number of Customers=119,SIMBOLOS_N_158
NODE_0199,secondary_substation,KUWINDA EX LANGATA,36.7809251,-1.3253519,253076.05,9853397.89,Substation Number=02211; Number of Customers=79,SIMBOLOS_N_158
NODE_0200,secondary_substation,NDALATI EX LANGATA,36.7798698,-1.3075078,252956.8,9855371.6,Substation Number=143390; Number of Customers=0,SIMBOLOS_N_158
NODE_0201,secondary_substation,NDALATI EX LANGATA,36.7769391,-1.3166719,252631.43,9854357.62,Substation Number=101177; Number of Customers=89,SIMBOLOS_N_158
NODE_0202,secondary_substation,OTIENDE EX LANGATA,36.7596624,-1.3327503,250709.61,9852577.38,Substation Number=169236; Number of Customers=22,SIMBOLOS_N_158
NODE_0203,secondary_substation,SOWETO EX LANGATA,36.7537081,-1.3582477,250049.31,9849756.36,Substation Number=127138; Number of Customers=1,SIMBOLOS_N_158
NODE_0204,secondary_substation,NDALATI EX LANGATA,36.7834039,-1.322451,253351.73,9853719.02,Substation Number=02212; Number of Customers=526,SIMBOLOS_N_158
NODE_0205,secondary_substation,SOWETO EX LANGATA,36.7569773,-1.3403644,250411.45,9851734.87,Substation Number=259229,SIMBOLOS_N_158
NODE_0206,secondary_substation,SOWETO EX LANGATA,36.7577803,-1.3459668,250501.42,9851115.23,Substation Number=00404; Number of Customers=28,SIMBOLOS_N_158
NODE_0207,secondary_substation,NDALATI EX LANGATA,36.7777381,-1.3076112,252719.5,9855359.95,Substation Number=149118; Number of Customers=0,SIMBOLOS_N_158
NODE_0208,secondary_substation,SOWETO EX LANGATA,36.7566025,-1.3298258,250368.65,9852900.56,Substation Number=15855; Number of Customers=80,SIMBOLOS_N_158
NODE_0209,secondary_substation,KUWINDA EX LANGATA,36.7705573,-1.3151672,251920.8,9854523.43,Substation Number=101176; Number of Customers=637,SIMBOLOS_N_158
NODE_0210,secondary_substation,SOWETO EX LANGATA,36.7489559,-1.338595,249518.25,9851929.77,Substation Number=237536,SIMBOLOS_N_158
NODE_0211,secondary_substation,NDALATI EX LANGATA,36.7853941,-1.3122979,253572.3,9854842.29,Substation Number=102020; Number of Customers=498,SIMBOLOS_N_158
NODE_0212,secondary_substation,SOWETO EX LANGATA,36.7624241,-1.3805033,251021.96,9847295.43,Substation Number=01671; Number of Customers=28,SIMBOLOS_N_158
NODE_0213,secondary_substation,HARDY EX LANGATA,36.7883673,-1.3251203,253904.57,9853424.25,Substation Number=03406; Number of Customers=66,SIMBOLOS_N_158
NODE_0214,secondary_substation,SOWETO EX LANGATA,36.7570572,-1.3707848,250423.47,9848369.9,Substation Number=00465; Number of Customers=23,SIMBOLOS_N_158
NODE_0215,secondary_substation,KAREN HOSPITAL EX LANGATA,36.7991356,-1.3308884,255103.95,9852787.29,Substation Number=33998B; Number of Customers=139,SIMBOLOS_N_158
NODE_0216,secondary_substation,SOWETO EX LANGATA,36.7555541,-1.3354949,250252.51,9852273.36,Substation Number=00410; Number of Customers=40,SIMBOLOS_N_158
NODE_0217,secondary_substation,NDALATI EX LANGATA,36.7775607,-1.3076037,252699.74,9855360.76,Substation Number=177144,SIMBOLOS_N_158
NODE_0218,secondary_substation,NDALATI EX LANGATA,36.7798961,-1.3112112,252960.1,9854961.95,Substation Number=15217; Number of Customers=291,SIMBOLOS_N_158
NODE_0219,secondary_substation,HARDY EX LANGATA,36.7846381,-1.3236685,253489.25,9853584.47,Substation Number=45002; Number of Customers=0,SIMBOLOS_N_158
NODE_0220,secondary_substation,NDALATI EX LANGATA,36.7821362,-1.3050281,253208.88,9855646.1,Substation Number=36374; Number of Customers=474,SIMBOLOS_N_158
NODE_0221,secondary_substation,KAREN HOSPITAL EX LANGATA,36.8143634,-1.3287599,256799.0,9853024.24,Substation Number=30412; Number of Customers=85,SIMBOLOS_N_158
NODE_0222,secondary_substation,KUWINDA EX LANGATA,36.7739335,-1.3178871,252296.94,9854222.9,Substation Number=101214; Number of Customers=1,SIMBOLOS_N_158
NODE_0223,secondary_substation,SOWETO EX LANGATA,36.7418215,-1.3407503,248724.18,9851690.62,Substation Number=245446,SIMBOLOS_N_158
NODE_0224,secondary_substation,KAREN HOSPITAL EX LANGATA,36.8056182,-1.3270685,255825.26,9853210.47,Substation Number=03495; Number of Customers=73,SIMBOLOS_N_158
NODE_0225,secondary_substation,SOWETO EX LANGATA,36.7335049,-1.3396175,247798.15,9851815.07,Substation Number=106567; Number of Customers=21,SIMBOLOS_N_158
NODE_0226,secondary_substation,NDALATI EX LANGATA,36.781479,-1.3116403,253136.37,9854914.64,Substation Number=106700; Number of Customers=227,SIMBOLOS_N_158
NODE_0227,secondary_substation,SOWETO EX LANGATA,36.7355645,-1.3360641,248027.09,9852208.37,Substation Number=217291,SIMBOLOS_N_158
NODE_0228,secondary_substation,SOWETO EX LANGATA,36.7423507,-1.3407367,248783.09,9851692.18,Substation Number=243129,SIMBOLOS_N_158
NODE_0229,secondary_substation,SOWETO EX LANGATA,36.745034,-1.331557,249080.9,9852707.89,Substation Number=00402; Number of Customers=67,SIMBOLOS_N_158
NODE_0230,secondary_substation,KAREN HOSPITAL EX LANGATA,36.8097848,-1.3253446,256288.95,9853401.56,Substation Number=217530,SIMBOLOS_N_158
NODE_0231,secondary_substation,NDALATI EX LANGATA,36.7816302,-1.3176746,253153.79,9854247.18,Substation Number=02007; Number of Customers=93,SIMBOLOS_N_158
NODE_0232,secondary_substation,OTIENDE EX LANGATA,36.7633391,-1.335352,251119.2,9852289.97,Substation Number=45366; Number of Customers=9,SIMBOLOS_N_158
NODE_0233,secondary_substation,HARDY EX LANGATA,36.7869779,-1.3263329,253750.0,9853289.98,Substation Number=04215; Number of Customers=58,SIMBOLOS_N_158
NODE_0234,secondary_substation,NDALATI EX LANGATA,36.7804125,-1.3058684,253017.07,9855552.99,Substation Number=15218; Number of Customers=412,SIMBOLOS_N_158
NODE_0235,secondary_substation,KAREN HOSPITAL EX LANGATA,36.8176493,-1.3268143,257164.63,9853239.77,Substation Number=184019; Number of Customers=0,SIMBOLOS_N_158
NODE_0236,secondary_substation,NDALATI EX LANGATA,36.7784371,-1.3055946,252797.11,9855583.08,Substation Number=32009; Number of Customers=439,SIMBOLOS_N_158
NODE_0237,secondary_substation,NDALATI EX LANGATA,36.787134,-1.3170137,253766.46,9854320.83,Substation Number=03840; Number of Customers=49,SIMBOLOS_N_158
NODE_0238,secondary_substation,MAGADI  EX LANGATA,36.7900267,-1.3383652,254090.62,9851959.35,Substation Number=125324; Number of Customers=0,SIMBOLOS_N_158
NODE_0239,secondary_substation,NDALATI EX LANGATA,36.7778733,-1.3125012,252735.03,9854819.06,Substation Number=33510; Number of Customers=470,SIMBOLOS_N_158
NODE_0240,secondary_substation,NDALATI EX LANGATA,36.7747936,-1.3132645,252392.24,9854734.32,Substation Number=109039; Number of Customers=143,SIMBOLOS_N_158
NODE_0241,secondary_substation,HARDY EX LANGATA,36.786608,-1.3232579,253708.51,9853630.08,Substation Number=03602; Number of Customers=134,SIMBOLOS_N_158
NODE_0242,secondary_substation,NDALATI EX LANGATA,36.7749544,-1.3136317,252410.18,9854693.71,Substation Number=101186; Number of Customers=0,SIMBOLOS_N_158
NODE_0243,secondary_substation,SOWETO EX LANGATA,36.7522502,-1.3276128,249883.89,9853144.92,Substation Number=106790; Number of Customers=43,SIMBOLOS_N_158
NODE_0244,secondary_substation,NDALATI EX LANGATA,36.7841899,-1.3081324,253437.82,9855302.93,Substation Number=15508; Number of Customers=826,SIMBOLOS_N_158
NODE_0245,secondary_substation,NDALATI EX LANGATA,36.7774193,-1.3131374,252684.54,9854748.63,Substation Number=45615; Number of Customers=0,SIMBOLOS_N_158
NODE_0246,secondary_substation,NDALATI EX LANGATA,36.7778074,-1.3130601,252727.74,9854757.22,Substation Number=45611; Number of Customers=72,SIMBOLOS_N_158
NODE_0247,secondary_substation,NDALATI EX LANGATA,36.778644,-1.3134203,252820.92,9854717.46,Substation Number=45606; Number of Customers=88,SIMBOLOS_N_158
NODE_0248,secondary_substation,NDALATI EX LANGATA,36.7791113,-1.3129543,252872.9,9854769.06,Substation Number=45599; Number of Customers=134,SIMBOLOS_N_158
NODE_0249,secondary_substation,NDALATI EX LANGATA,36.7801201,-1.3141999,252985.33,9854631.37,Substation Number=45650; Number of Customers=0,SIMBOLOS_N_158
NODE_0250,secondary_substation,NDALATI EX LANGATA,36.7782107,-1.3131287,252772.65,9854749.68,Substation Number=45604; Number of Customers=43,SIMBOLOS_N_158
NODE_0251,secondary_substation,NDALATI EX LANGATA,36.779424,-1.312752,252907.69,9854791.47,Substation Number=45598; Number of Customers=110,SIMBOLOS_N_158
NODE_0252,secondary_substation,NDALATI EX LANGATA,36.7767182,-1.3126222,252606.44,9854805.56,Substation Number=45621; Number of Customers=0,SIMBOLOS_N_158
NODE_0253,secondary_substation,NDALATI EX LANGATA,36.7761088,-1.3125417,252538.59,9854814.4,Substation Number=45623; Number of Customers=2,SIMBOLOS_N_158
NODE_0254,secondary_substation,NDALATI EX LANGATA,36.7759474,-1.3128803,252520.65,9854776.93,Substation Number=45625; Number of Customers=70,SIMBOLOS_N_158
NODE_0255,secondary_substation,HARDY EX LANGATA,36.7904003,-1.3161668,254130.01,9854414.82,Substation Number=45286; Number of Customers=1,SIMBOLOS_N_158
NODE_0256,secondary_substation,NDALATI EX LANGATA,36.7765424,-1.3129753,252586.9,9854766.48,Substation Number=45612; Number of Customers=0,SIMBOLOS_N_158
NODE_0257,secondary_substation,NDALATI EX LANGATA,36.7780674,-1.3137287,252756.75,9854683.3,Substation Number=45609; Number of Customers=184,SIMBOLOS_N_158
NODE_0258,secondary_substation,NDALATI EX LANGATA,36.7781957,-1.3132587,252770.99,9854735.3,Substation Number=45605; Number of Customers=0,SIMBOLOS_N_158
NODE_0259,secondary_substation,NDALATI EX LANGATA,36.7809307,-1.313692,253075.52,9854687.64,Substation Number=45644; Number of Customers=132,SIMBOLOS_N_158
NODE_0260,secondary_substation,KAREN HOSPITAL EX LANGATA,36.8000131,-1.327264,255201.28,9853188.29,Substation Number=12884; Number of Customers=42,SIMBOLOS_N_158
NODE_0261,secondary_substation,HARDY EX LANGATA,36.79005,-1.3168779,254091.09,9854336.14,Substation Number=45287; Number of Customers=1,SIMBOLOS_N_158
NODE_0262,secondary_substation,NDALATI EX LANGATA,36.7774988,-1.3129302,252693.38,9854771.56,Substation Number=45613; Number of Customers=0,SIMBOLOS_N_158
NODE_0263,secondary_substation,NDALATI EX LANGATA,36.7757107,-1.3121687,252494.23,9854855.63,Substation Number=45627_D; Number of Customers=0,SIMBOLOS_N_158
NODE_0264,secondary_substation,NDALATI EX LANGATA,36.7781525,-1.3134716,252766.21,9854711.75,Substation Number=45608; Number of Customers=51,SIMBOLOS_N_158
NODE_0265,secondary_substation,NDALATI EX LANGATA,36.7791217,-1.3133935,252874.1,9854720.48,Substation Number=45607; Number of Customers=61,SIMBOLOS_N_158
NODE_0266,secondary_substation,NDALATI EX LANGATA,36.7786802,-1.3128,252824.88,9854786.08,Substation Number=45602; Number of Customers=175,SIMBOLOS_N_158
NODE_0267,secondary_substation,NDALATI EX LANGATA,36.7759357,-1.312332,252519.29,9854837.58,Substation Number=45626; Number of Customers=0,SIMBOLOS_N_158
NODE_0268,secondary_substation,NDALATI EX LANGATA,36.7751957,-1.3124837,252436.93,9854820.73,Substation Number=45631; Number of Customers=3,SIMBOLOS_N_158
NODE_0269,secondary_substation,NDALATI EX LANGATA,36.7755207,-1.313002,252473.16,9854763.43,Substation Number=45629; Number of Customers=185,SIMBOLOS_N_158
NODE_0270,secondary_substation,NDALATI EX LANGATA,36.7760488,-1.3126458,252531.92,9854802.88,Substation Number=45624; Number of Customers=161,SIMBOLOS_N_158
NODE_0271,secondary_substation,NDALATI EX LANGATA,36.7762607,-1.3128853,252555.53,9854776.41,Substation Number=45618; Number of Customers=59,SIMBOLOS_N_158
NODE_0272,secondary_substation,NDALATI EX LANGATA,36.7768516,-1.3130432,252621.33,9854759.01,Substation Number=45616; Number of Customers=0,SIMBOLOS_N_158
NODE_0273,secondary_substation,NDALATI EX LANGATA,36.780184,-1.3139553,252992.42,9854658.44,Substation Number=45649; Number of Customers=124,SIMBOLOS_N_158
NODE_0274,secondary_substation,NDALATI EX LANGATA,36.7886373,-1.314647,253933.59,9854582.77,Substation Number=45290B; Number of Customers=31,SIMBOLOS_N_158
NODE_0275,secondary_substation,KAREN HOSPITAL EX LANGATA,36.8059692,-1.3269997,255864.34,9853218.11,Substation Number=234057,SIMBOLOS_N_158
NODE_0276,secondary_substation,KAREN HOSPITAL EX LANGATA,36.8054815,-1.3240984,255809.76,9853538.97,Substation Number=155016; Number of Customers=0,SIMBOLOS_N_158
NODE_0277,secondary_substation,KAREN HOSPITAL EX LANGATA,36.8173292,-1.328585,257129.16,9853043.87,Substation Number=155928; Number of Customers=0,SIMBOLOS_N_158
NODE_0278,secondary_substation,NDALATI EX LANGATA,36.7809152,-1.3115136,253073.58,9854928.6,Substation Number=204820,SIMBOLOS_N_158
NODE_0279,secondary_substation,NDALATI EX LANGATA,36.7884357,-1.3156437,253911.24,9854472.5,Substation Number=30713B; Number of Customers=840,SIMBOLOS_N_158
NODE_0280,secondary_substation,NDALATI EX LANGATA,36.7750711,-1.313711,252423.18,9854684.96,Substation Number=G67577; Number of Customers=1058,SIMBOLOS_N_158
NODE_0281,secondary_substation,NDALATI EX LANGATA,36.7766201,-1.3141617,252595.67,9854635.25,Substation Number=101180; Number of Customers=0,SIMBOLOS_N_158
NODE_0282,secondary_substation,NDALATI EX LANGATA,36.7762079,-1.3139345,252549.76,9854660.35,Substation Number=101181; Number of Customers=0,SIMBOLOS_N_158
NODE_0283,secondary_substation,NDALATI EX LANGATA,36.7765975,-1.3147005,252593.21,9854575.66,Substation Number=101182; Number of Customers=0,SIMBOLOS_N_158
NODE_0284,secondary_substation,NDALATI EX LANGATA,36.7768543,-1.3138532,252621.72,9854669.41,Substation Number=101184; Number of Customers=0,SIMBOLOS_N_158
NODE_0285,secondary_substation,NDALATI EX LANGATA,36.7756112,-1.313798,252483.32,9854675.39,Substation Number=101185; Number of Customers=0,SIMBOLOS_N_158
NODE_0286,secondary_substation,NDALATI EX LANGATA,36.778983,-1.3075851,252858.09,9855362.95,Substation Number=01954; Number of Customers=768,SIMBOLOS_N_158
NODE_0287,secondary_substation,NDALATI EX LANGATA,36.7855161,-1.3145516,253586.1,9854593.01,Substation Number=14935; Number of Customers=395,SIMBOLOS_N_158
NODE_0288,secondary_substation,KAREN HOSPITAL EX LANGATA,36.8117315,-1.3268056,256505.81,9853240.15,Substation Number=101193; Number of Customers=177,SIMBOLOS_N_158
NODE_0289,secondary_substation,KAREN HOSPITAL EX LANGATA,36.8030214,-1.3274384,255536.21,9853169.29,Substation Number=101208; Number of Customers=0,SIMBOLOS_N_158
NODE_0290,secondary_substation,KAREN HOSPITAL EX LANGATA,36.8021297,-1.3283964,255437.03,9853063.24,Substation Number=101209; Number of Customers=53,SIMBOLOS_N_158
NODE_0291,secondary_substation,KAREN HOSPITAL EX LANGATA,36.804851,-1.3271635,255739.86,9853199.88,Substation Number=189843; Number of Customers=39,SIMBOLOS_N_158
NODE_0292,secondary_substation,KAREN HOSPITAL EX LANGATA,36.8033421,-1.329561,255572.12,9852934.54,Substation Number=108030; Number of Customers=0,SIMBOLOS_N_158
NODE_0293,secondary_substation,KAREN HOSPITAL EX LANGATA,36.8037049,-1.3268077,255612.24,9853239.12,Substation Number=170392; Number of Customers=121,SIMBOLOS_N_158
NODE_0294,secondary_substation,SOWETO EX LANGATA,36.7401722,-1.3446941,248540.96,9851254.21,Substation Number=14498; Number of Customers=94,SIMBOLOS_N_158
NODE_0295,secondary_substation,KAREN HOSPITAL EX LANGATA,36.8118029,-1.3285254,256513.93,9853049.92,Substation Number=45019B; Number of Customers=20,SIMBOLOS_N_158
NODE_0296,secondary_substation,KAREN HOSPITAL EX LANGATA,36.8102377,-1.3276021,256339.59,9853151.9,Substation Number=45018B; Number of Customers=380,SIMBOLOS_N_158
NODE_0297,secondary_substation,NDALATI EX LANGATA,36.7757082,-1.3127564,252494.01,9854790.62,Substation Number=45628; Number of Customers=0,SIMBOLOS_N_158
NODE_0298,secondary_substation,NDALATI EX LANGATA,36.7871082,-1.3147834,253763.36,9854567.53,Substation Number=171146; Number of Customers=0,SIMBOLOS_N_158
NODE_0299,secondary_substation,SOWETO EX LANGATA,36.733757,-1.3375603,247826.02,9852042.67,Substation Number=30641; Number of Customers=86,SIMBOLOS_N_158
NODE_0300,secondary_substation,HARDY EX LANGATA,36.789189,-1.314992,253995.04,9854544.66,Substation Number=15695B; Number of Customers=274,SIMBOLOS_N_158
NODE_0301,secondary_substation,NDALATI EX LANGATA,36.7813874,-1.3113087,253126.13,9854951.32,Substation Number=45588; Number of Customers=60,SIMBOLOS_N_158
NODE_0302,secondary_substation,NDALATI EX LANGATA,36.78038,-1.3135382,253014.2,9854704.59,Substation Number=45641; Number of Customers=25,SIMBOLOS_N_158
NODE_0303,secondary_substation,NDALATI EX LANGATA,36.7797824,-1.3126203,252947.57,9854806.07,Substation Number=45656; Number of Customers=46,SIMBOLOS_N_158
NODE_0304,secondary_substation,NDALATI EX LANGATA,36.7768888,-1.3126858,252625.44,9854798.53,Substation Number=45620; Number of Customers=0,SIMBOLOS_N_158
NODE_0305,secondary_substation,NDALATI EX LANGATA,36.7765092,-1.312619,252583.17,9854805.89,Substation Number=45622; Number of Customers=36,SIMBOLOS_N_158
NODE_0306,secondary_substation,NDALATI EX LANGATA,36.7790107,-1.3126187,252861.66,9854806.18,Substation Number=45600; Number of Customers=0,SIMBOLOS_N_158
NODE_0307,secondary_substation,NDALATI EX LANGATA,36.7771552,-1.3128718,252655.12,9854777.99,Substation Number=45619; Number of Customers=22,SIMBOLOS_N_158
NODE_0308,secondary_substation,SOWETO EX LANGATA,36.7282337,-1.3346182,247210.79,9852367.55,Substation Number=00396; Number of Customers=32,SIMBOLOS_N_158
NODE_0309,secondary_substation,NDALATI EX LANGATA,36.7787739,-1.3102839,252835.08,9855064.41,Substation Number=01850; Number of Customers=512,SIMBOLOS_N_158
NODE_0310,secondary_substation,SOWETO EX LANGATA,36.7595946,-1.3394887,250702.74,9851832.0,Substation Number=249487,SIMBOLOS_N_158
NODE_0311,secondary_substation,NDALATI EX LANGATA,36.7741869,-1.3167928,252325.04,9854343.98,Substation Number=101215; Number of Customers=2,SIMBOLOS_N_158
NODE_0312,secondary_substation,NDALATI EX LANGATA,36.7815714,-1.3105169,253146.54,9855038.91,Substation Number=184153; Number of Customers=0,SIMBOLOS_N_158
NODE_0313,secondary_substation,NDALATI EX LANGATA,36.7846225,-1.3089299,253486.07,9855214.76,Substation Number=15219; Number of Customers=1283,SIMBOLOS_N_158
NODE_0314,secondary_substation,NDALATI EX LANGATA,36.7774047,-1.3146213,252683.07,9854584.5,Substation Number=205614,SIMBOLOS_N_158
NODE_0315,secondary_substation,NDALATI EX LANGATA,36.7801043,-1.3188588,252984.03,9854116.04,Substation Number=G59138; Number of Customers=68,SIMBOLOS_N_158
NODE_0316,secondary_substation,SOWETO EX LANGATA,36.7448149,-1.3398408,249057.34,9851791.54,Substation Number=106791; Number of Customers=20,SIMBOLOS_N_158
NODE_0317,secondary_substation,SOWETO EX LANGATA,36.744513,-1.3580477,249025.6,9849777.53,Substation Number=181307; Number of Customers=22,SIMBOLOS_N_158
NODE_0318,secondary_substation,HARDY EX LANGATA,36.7868695,-1.3195098,253737.26,9854044.7,Substation Number=33947; Number of Customers=311,SIMBOLOS_N_158
NODE_0319,secondary_substation,NGEI EX LANGATA,36.7653905,-1.3259738,251346.65,9853327.54,Substation Number=101166; Number of Customers=1,SIMBOLOS_N_158
NODE_0320,secondary_substation,NDALATI EX LANGATA,36.7836426,-1.3210681,253378.16,9853872.01,Substation Number=101221; Number of Customers=268,SIMBOLOS_N_158
NODE_0321,secondary_substation,SOWETO EX LANGATA,36.7396114,-1.3534434,248479.42,9850286.33,Substation Number=45197; Number of Customers=2,SIMBOLOS_N_158
NODE_0322,secondary_substation,SOWETO EX LANGATA,36.7418689,-1.3372154,248729.1,9852081.65,Substation Number=201566,SIMBOLOS_N_158
NODE_0323,secondary_substation,KAREN HOSPITAL EX LANGATA,36.8091123,-1.32865,256214.41,9853035.87,Substation Number=202194,SIMBOLOS_N_158
NODE_0324,secondary_substation,SOWETO EX LANGATA,36.756465,-1.3415868,250354.54,9851599.6,Substation Number=208392,SIMBOLOS_N_158
NODE_0325,secondary_substation,NDALATI EX LANGATA,36.7775091,-1.3068429,252693.93,9855444.91,Substation Number=16076; Number of Customers=478,SIMBOLOS_N_158
NODE_0326,secondary_substation,SOWETO EX LANGATA,36.7401373,-1.3761037,248540.33,9847779.76,Substation Number=221724,SIMBOLOS_N_158
NODE_0327,secondary_substation,KUWINDA EX LANGATA,36.7734616,-1.3243343,252245.04,9853509.71,Substation Number=193364; Number of Customers=2,SIMBOLOS_N_158
NODE_0328,secondary_substation,SOWETO EX LANGATA,36.7434941,-1.3683067,248913.23,9848642.6,Substation Number=228018,SIMBOLOS_N_158
NODE_0329,secondary_substation,SOWETO EX LANGATA,36.7493991,-1.3612403,249569.9,9849424.87,Substation Number=00451; Number of Customers=35,SIMBOLOS_N_158
NODE_0330,secondary_substation,KAREN HOSPITAL EX LANGATA,36.8174004,-1.3292788,257137.15,9852967.14,Substation Number=156424; Number of Customers=0,SIMBOLOS_N_158
NODE_0331,secondary_substation,KAREN HOSPITAL EX LANGATA,36.8053376,-1.3284869,255794.16,9853053.55,Substation Number=202193,SIMBOLOS_N_158
NODE_0332,secondary_substation,SOWETO EX LANGATA,36.7423507,-1.3407363,248783.1,9851692.23,Substation Number=198677; Number of Customers=4,SIMBOLOS_N_158
NODE_0333,secondary_substation,KUWINDA EX LANGATA,36.7799266,-1.3240923,252964.76,9853537.12,Substation Number=101170; Number of Customers=0,SIMBOLOS_N_158
NODE_0334,secondary_substation,SOWETO EX LANGATA,36.7636174,-1.3755419,251154.29,9847844.37,Substation Number=01670; Number of Customers=15,SIMBOLOS_N_158
NODE_0335,secondary_substation,NDALATI EX LANGATA,36.781538,-1.3119434,253142.96,9854881.12,Substation Number=G19952; Number of Customers=965,SIMBOLOS_N_158
NODE_0336,secondary_substation,NGEI EX LANGATA,36.7613766,-1.3273099,250899.91,9853179.34,Substation Number=00411; Number of Customers=132,SIMBOLOS_N_158
NODE_0337,secondary_substation,KUWINDA EX LANGATA,36.7714162,-1.3206387,252016.96,9853918.29,Substation Number=101169; Number of Customers=7,SIMBOLOS_N_158
NODE_0338,secondary_substation,SOWETO EX LANGATA,36.7566228,-1.3330142,250371.24,9852547.88,Substation Number=141955; Number of Customers=11,SIMBOLOS_N_158
NODE_0339,secondary_substation,NDALATI EX LANGATA,36.7879192,-1.3126677,253853.45,9854801.63,Substation Number=198381,SIMBOLOS_N_158
NODE_0340,secondary_substation,NDALATI EX LANGATA,36.7882559,-1.3123784,253890.91,9854833.66,Substation Number=33509; Number of Customers=97,SIMBOLOS_N_158
NODE_0341,secondary_substation,NDALATI EX LANGATA,36.7817191,-1.304483,253162.39,9855706.36,Substation Number=14535; Number of Customers=0,SIMBOLOS_N_158
NODE_0342,secondary_substation,SOWETO EX LANGATA,36.7420918,-1.3291869,248753.09,9852969.76,Substation Number=167153; Number of Customers=5,SIMBOLOS_N_158
NODE_0343,secondary_substation,NDALATI EX LANGATA,36.7760112,-1.3155063,252528.02,9854486.47,Substation Number=101179; Number of Customers=1,SIMBOLOS_N_158
NODE_0344,secondary_substation,SOWETO EX LANGATA,36.7543431,-1.3605185,250120.24,9849505.23,Substation Number=00456; Number of Customers=75,SIMBOLOS_N_158
NODE_0345,secondary_substation,KAREN HOSPITAL EX LANGATA,36.7989503,-1.3306208,255083.3,9852816.88,Substation Number=101210; Number of Customers=106,SIMBOLOS_N_158
NODE_0346,secondary_substation,NDALATI EX LANGATA,36.7795657,-1.3129239,252923.48,9854772.47,Substation Number=242299,SIMBOLOS_N_158
NODE_0347,secondary_substation,SOWETO EX LANGATA,36.7486458,-1.359043,249485.81,9849667.86,Substation Number=106792; Number of Customers=26,SIMBOLOS_N_158
NODE_0348,secondary_substation,NDALATI EX LANGATA,36.7812329,-1.3201404,253109.8,9853974.38,Substation Number=15024; Number of Customers=83,SIMBOLOS_N_158
NODE_0349,secondary_substation,SOWETO EX LANGATA,36.7585244,-1.3386686,250583.52,9851922.6,Substation Number=101213; Number of Customers=1,SIMBOLOS_N_158
NODE_0350,secondary_substation,SOWETO EX LANGATA,36.7599478,-1.3371477,250741.84,9852090.99,Substation Number=205544,SIMBOLOS_N_158
NODE_0351,secondary_substation,SOWETO EX LANGATA,36.761207,-1.3444427,250882.76,9851284.17,Substation Number=106601; Number of Customers=1,SIMBOLOS_N_158
NODE_0352,secondary_substation,SOWETO EX LANGATA,36.7570222,-1.3472641,250417.15,9850971.66,Substation Number=165257; Number of Customers=1,SIMBOLOS_N_158
NODE_0353,secondary_substation,SOWETO EX LANGATA,36.7414834,-1.3364766,248686.1,9852163.33,Substation Number=00394; Number of Customers=95,SIMBOLOS_N_158
NODE_0354,secondary_substation,HARDY EX LANGATA,36.7856854,-1.3221467,253605.69,9853752.91,Substation Number=03600; Number of Customers=192,SIMBOLOS_N_158
NODE_0355,secondary_substation,HARDY EX LANGATA,36.7878033,-1.3178904,253841.06,9854223.91,Substation Number=03841; Number of Customers=317,SIMBOLOS_N_158
NODE_0356,secondary_substation,NDALATI EX LANGATA,36.7827726,-1.3051529,253279.75,9855632.36,Substation Number=242289,SIMBOLOS_N_158
NODE_0357,secondary_substation,NDALATI EX LANGATA,36.7851341,-1.3185446,253543.97,9854151.29,Substation Number=03440; Number of Customers=35,SIMBOLOS_N_158
NODE_0358,secondary_substation,SOWETO EX LANGATA,36.7402204,-1.3714821,248549.1,9848291.0,Substation Number=33950; Number of Customers=24,SIMBOLOS_N_158
NODE_0359,secondary_substation,SOWETO EX LANGATA,36.7403669,-1.3745807,248565.74,9847948.25,Substation Number=00447; Number of Customers=55,SIMBOLOS_N_158
NODE_0360,secondary_substation,NDALATI EX LANGATA,36.7828001,-1.3036741,253282.67,9855795.94,Substation Number=33948; Number of Customers=358,SIMBOLOS_N_158
NODE_0361,secondary_substation,NDALATI EX LANGATA,36.7779611,-1.3115144,252744.7,9854928.22,Substation Number=G73569; Number of Customers=100,SIMBOLOS_N_158
NODE_0362,secondary_substation,KAREN HOSPITAL EX LANGATA,36.7973323,-1.3283974,254902.94,9853062.64,Substation Number=02096; Number of Customers=0,SIMBOLOS_N_158
NODE_0363,secondary_substation,SOWETO EX LANGATA,36.7345311,-1.335515,247911.98,9852268.99,Substation Number=00397; Number of Customers=36,SIMBOLOS_N_158
NODE_0364,secondary_substation,NDALATI EX LANGATA,36.7848488,-1.3194827,253512.29,9854047.5,Substation Number=03439; Number of Customers=107,SIMBOLOS_N_158
NODE_0365,secondary_substation,MAGADI  EX LANGATA,36.7724253,-1.3769273,252135.0,9847692.04,Substation Number=00463; Number of Customers=16,SIMBOLOS_N_158
NODE_0366,secondary_substation,SOWETO EX LANGATA,36.7540193,-1.3398636,250082.09,9851789.96,Substation Number=203808,SIMBOLOS_N_158
NODE_0367,secondary_substation,KUWINDA EX LANGATA,36.7770748,-1.3205915,252646.92,9853924.08,Substation Number=101219; Number of Customers=0,SIMBOLOS_N_158
NODE_0368,secondary_substation,SOWETO EX LANGATA,36.7363042,-1.3413741,248109.99,9851621.06,Substation Number=198672; Number of Customers=5,SIMBOLOS_N_158
NODE_0369,secondary_substation,OTIENDE EX LANGATA,36.7621541,-1.3370051,250987.44,9852106.99,Substation Number=16080; Number of Customers=118,SIMBOLOS_N_158
NODE_0370,secondary_substation,KAREN HOSPITAL EX LANGATA,36.8022989,-1.330833,255456.1,9852793.73,Substation Number=132340; Number of Customers=17,SIMBOLOS_N_158
NODE_0371,secondary_substation,NDALATI EX LANGATA,36.7808874,-1.3117287,253070.51,9854904.81,Substation Number=45589; Number of Customers=0,SIMBOLOS_N_158
NODE_0372,secondary_substation,NDALATI EX LANGATA,36.7816798,-1.3117315,253158.73,9854904.57,Substation Number=45586; Number of Customers=8,SIMBOLOS_N_158
NODE_0373,secondary_substation,SOWETO EX LANGATA,36.7664613,-1.3610688,251469.41,9849445.62,Substation Number=02038; Number of Customers=15,SIMBOLOS_N_158
NODE_0374,secondary_substation,SOWETO EX LANGATA,36.7367073,-1.3410561,248154.83,9851656.27,Substation Number=G66238; Number of Customers=0,SIMBOLOS_N_158
NODE_0375,secondary_substation,SOWETO EX LANGATA,36.760768,-1.3562771,250835.09,9849975.06,Substation Number=00408; Number of Customers=28,SIMBOLOS_N_158
NODE_0376,secondary_substation,SOWETO EX LANGATA,36.7597103,-1.3501576,250716.71,9850651.86,Substation Number=106600; Number of Customers=9,SIMBOLOS_N_158
NODE_0377,secondary_substation,SOWETO EX LANGATA,36.7530995,-1.3445362,249980.15,9851273.0,Substation Number=13708; Number of Customers=7,SIMBOLOS_N_158
NODE_0378,secondary_substation,SOWETO EX LANGATA,36.7422724,-1.327032,248772.99,9853208.16,Substation Number=205623,SIMBOLOS_N_158
NODE_0379,secondary_substation,NDALATI EX LANGATA,36.7835155,-1.3030534,253362.25,9855864.67,Substation Number=257152,SIMBOLOS_N_158
NODE_0380,secondary_substation,NDALATI EX LANGATA,36.7877532,-1.3142134,253835.12,9854630.64,Substation Number=182390,SIMBOLOS_N_158
NODE_0381,secondary_substation,SOWETO EX LANGATA,36.7568726,-1.3405819,250399.82,9851710.79,Substation Number=12747; Number of Customers=29,SIMBOLOS_N_158
NODE_0382,secondary_substation,SOWETO EX LANGATA,36.7553873,-1.3490181,250235.31,9850777.46,Substation Number=04001; Number of Customers=5,SIMBOLOS_N_158
NODE_0383,secondary_substation,NDALATI EX LANGATA,36.7826261,-1.3086411,253263.77,9855246.51,Substation Number=45042; Number of Customers=253,SIMBOLOS_N_158
NODE_0384,secondary_substation,SOWETO EX LANGATA,36.7312525,-1.3350412,247546.93,9852321.06,Substation Number=12137; Number of Customers=6,SIMBOLOS_N_158
NODE_0385,secondary_substation,SOWETO EX LANGATA,36.7429552,-1.3407922,248850.4,9851686.11,Substation Number=171706; Number of Customers=16,SIMBOLOS_N_158
NODE_0386,secondary_substation,KAREN HOSPITAL EX LANGATA,36.8180111,-1.3284939,257205.06,9853054.02,Substation Number=255816,SIMBOLOS_N_158
NODE_0387,secondary_substation,SOWETO EX LANGATA,36.7351261,-1.3335451,247978.03,9852486.96,Substation Number=13512; Number of Customers=4,SIMBOLOS_N_158
NODE_0388,secondary_substation,SOWETO EX LANGATA,36.7256063,-1.3320983,246918.01,9852646.03,Substation Number=14171; Number of Customers=7,SIMBOLOS_N_158
NODE_0389,secondary_substation,SOWETO EX LANGATA,36.7600959,-1.3580742,250760.45,9849776.21,Substation Number=32027; Number of Customers=76,SIMBOLOS_N_158
NODE_0390,secondary_substation,SOWETO EX LANGATA,36.7307911,-1.3367497,247495.73,9852132.03,Substation Number=32424; Number of Customers=33,SIMBOLOS_N_158
NODE_0391,secondary_substation,HARDY EX LANGATA,36.7898277,-1.3298547,254067.61,9852900.71,Substation Number=219483,SIMBOLOS_N_158
NODE_0392,secondary_substation,SOWETO EX LANGATA,36.7522496,-1.3505581,249886.15,9850606.79,Substation Number=00433; Number of Customers=369,SIMBOLOS_N_158
NODE_0393,secondary_substation,SOWETO EX LANGATA,36.7608459,-1.340389,250842.14,9851732.54,Substation Number=250775,SIMBOLOS_N_158
NODE_0394,secondary_substation,HARDY EX LANGATA,36.790154,-1.321462,254103.11,9853829.09,Substation Number=04783B; Number of Customers=146,SIMBOLOS_N_158
NODE_0395,secondary_substation,SOWETO EX LANGATA,36.7653293,-1.3672935,251344.03,9848756.95,Substation Number=00460; Number of Customers=3,SIMBOLOS_N_158
NODE_0396,secondary_substation,HARDY EX LANGATA,36.7863852,-1.3197171,253683.36,9854021.72,Substation Number=13840; Number of Customers=80,SIMBOLOS_N_158
NODE_0397,secondary_substation,HARDY EX LANGATA,36.7916723,-1.3228436,254272.28,9853676.41,Substation Number=12229B; Number of Customers=169,SIMBOLOS_N_158
NODE_0398,secondary_substation,SOWETO EX LANGATA,36.7300176,-1.3114998,247407.05,9854925.04,Substation Number=104074; Number of Customers=1,SIMBOLOS_N_158
NODE_0399,secondary_substation,SOWETO EX LANGATA,36.7277909,-1.3080704,247158.81,9855304.17,Substation Number=161775; Number of Customers=0,SIMBOLOS_N_158
NODE_0400,secondary_substation,SOWETO EX LANGATA,36.7607493,-1.354019,250832.77,9850224.84,Substation Number=117295; Number of Customers=1,SIMBOLOS_N_158
NODE_0401,secondary_substation,MAGADI  EX LANGATA,36.7842721,-1.3379205,253449.92,9852007.96,Substation Number=15304B; Number of Customers=181,SIMBOLOS_N_158
NODE_0402,secondary_substation,MAGADI  EX LANGATA,36.7846054,-1.3386552,253487.1,9851926.73,Substation Number=15305B; Number of Customers=47,SIMBOLOS_N_158
NODE_0403,secondary_substation,SOWETO EX LANGATA,36.735074,-1.3348952,247972.37,9852337.61,Substation Number=206839,SIMBOLOS_N_158
NODE_0404,secondary_substation,SOWETO EX LANGATA,36.7603376,-1.376939,250789.3,9847689.48,Substation Number=02009; Number of Customers=11,SIMBOLOS_N_158
NODE_0405,secondary_substation,SOWETO EX LANGATA,36.7319399,-1.3327233,247623.22,9852577.54,Substation Number=30870; Number of Customers=36,SIMBOLOS_N_158
NODE_0406,secondary_substation,SOWETO EX LANGATA,36.7521289,-1.333625,249870.99,9852479.86,Substation Number=03457; Number of Customers=28,SIMBOLOS_N_158
NODE_0407,secondary_substation,SOWETO EX LANGATA,36.7332274,-1.3281969,247766.1,9853078.37,Substation Number=00395; Number of Customers=127,SIMBOLOS_N_158
NODE_0408,secondary_substation,SOWETO EX LANGATA,36.7509229,-1.331696,249736.53,9852693.12,Substation Number=13946B; Number of Customers=7,SIMBOLOS_N_158
NODE_0409,secondary_substation,KUWINDA EX LANGATA,36.7755382,-1.3205989,252475.86,9853923.1,Substation Number=101168; Number of Customers=52,SIMBOLOS_N_158
NODE_0410,secondary_substation,KUWINDA EX LANGATA,36.7717796,-1.3191373,252057.26,9854084.4,Substation Number=03141; Number of Customers=180,SIMBOLOS_N_158
NODE_0411,secondary_substation,SOWETO EX LANGATA,36.7404244,-1.353547,248569.95,9850274.95,Substation Number=45196; Number of Customers=5,SIMBOLOS_N_158
NODE_0412,secondary_substation,KUWINDA EX LANGATA,36.7609142,-1.3197536,250847.68,9854015.15,Substation Number=104077; Number of Customers=0,SIMBOLOS_N_158
NODE_0413,secondary_substation,NDALATI EX LANGATA,36.7863873,-1.316497,253683.29,9854377.91,Substation Number=03839; Number of Customers=76,SIMBOLOS_N_158
NODE_0414,secondary_substation,NGEI EX LANGATA,36.7586916,-1.327127,250600.97,9853199.31,Substation Number=31260; Number of Customers=16,SIMBOLOS_N_158
NODE_0415,secondary_substation,SOWETO EX LANGATA,36.7423423,-1.3323933,248781.31,9852615.1,Substation Number=04371 ; Number of Customers=30,SIMBOLOS_N_158
NODE_0416,secondary_substation,SOWETO EX LANGATA,36.7496246,-1.3636487,249595.25,9849158.49,Substation Number=KLGT105; Number of Customers=37,SIMBOLOS_N_158
NODE_0417,secondary_substation,SOWETO EX LANGATA,36.7546101,-1.3543981,250149.34,9850182.28,Substation Number=175528; Number of Customers=1,SIMBOLOS_N_158
NODE_0418,secondary_substation,SOWETO EX LANGATA,36.7367878,-1.3444862,248164.15,9851276.85,Substation Number=191409; Number of Customers=0,SIMBOLOS_N_158
NODE_0419,secondary_substation,SOWETO EX LANGATA,36.755954,-1.3442193,250297.92,9851308.35,Substation Number=136305; Number of Customers=4,SIMBOLOS_N_158
NODE_0420,secondary_substation,KAREN HOSPITAL EX LANGATA,36.7998625,-1.331148,255184.9,9852758.65,Substation Number=101211; Number of Customers=0,SIMBOLOS_N_158
NODE_0421,secondary_substation,SOWETO EX LANGATA,36.7636835,-1.3607184,251160.13,9849484.08,Substation Number=169238; Number of Customers=1,SIMBOLOS_N_158
NODE_0422,secondary_substation,SOWETO EX LANGATA,36.735147,-1.3371639,247980.72,9852086.67,Substation Number=264058,SIMBOLOS_N_158
NODE_0423,secondary_substation,NDALATI EX LANGATA,36.7779912,-1.3170904,252748.61,9854311.44,Substation Number=30284; Number of Customers=106,SIMBOLOS_N_158
NODE_0424,secondary_substation,NDALATI EX LANGATA,36.7768095,-1.3047236,252615.83,9855679.26,Substation Number=143392; Number of Customers=0,SIMBOLOS_N_158
NODE_0425,secondary_substation,NDALATI EX LANGATA,36.7869011,-1.3174111,253740.57,9854276.85,Substation Number=33945; Number of Customers=0,SIMBOLOS_N_158
NODE_0426,secondary_substation,NDALATI EX LANGATA,36.786199,-1.317507,253662.42,9854266.17,Substation Number=03838; Number of Customers=59,SIMBOLOS_N_158
NODE_0427,secondary_substation,SOWETO EX LANGATA,36.7481495,-1.3445211,249429.07,9851274.16,Substation Number=03878; Number of Customers=37,SIMBOLOS_N_158
NODE_0428,secondary_substation,SOWETO EX LANGATA,36.7559173,-1.3763439,250297.14,9847754.85,Substation Number=00450; Number of Customers=32,SIMBOLOS_N_158
NODE_0429,secondary_substation,SOWETO EX LANGATA,36.7557248,-1.3586565,250273.87,9849711.33,Substation Number=45161; Number of Customers=0,SIMBOLOS_N_158
NODE_0430,secondary_substation,SOWETO EX LANGATA,36.7483252,-1.32428,249446.58,9853513.18,Substation Number=02373; Number of Customers=34,SIMBOLOS_N_158
NODE_0431,secondary_substation,SOWETO EX LANGATA,36.7473937,-1.3317505,249343.62,9852686.73,Substation Number=15419; Number of Customers=13,SIMBOLOS_N_158
NODE_0432,secondary_substation,SOWETO EX LANGATA,36.7476072,-1.3469028,249368.94,9851010.65,Substation Number=00403; Number of Customers=83,SIMBOLOS_N_158
NODE_0433,secondary_substation,SOWETO EX LANGATA,36.7499428,-1.3567296,249629.97,9849923.89,Substation Number=13192B; Number of Customers=16,SIMBOLOS_N_158
NODE_0434,secondary_substation,SOWETO EX LANGATA,36.7464106,-1.3589512,249236.95,9849677.77,Substation Number=14355; Number of Customers=5,SIMBOLOS_N_158
NODE_0435,secondary_substation,SOWETO EX LANGATA,36.7498978,-1.3663564,249625.96,9848859.0,Substation Number=03254; Number of Customers=23,SIMBOLOS_N_158
NODE_0436,secondary_substation,NDALATI EX LANGATA,36.7813757,-1.3128453,253124.98,9854781.34,Substation Number=182716; Number of Customers=0,SIMBOLOS_N_158
NODE_0437,secondary_substation,SOWETO EX LANGATA,36.744711,-1.3513433,249046.95,9850519.16,Substation Number=16036; Number of Customers=16,SIMBOLOS_N_158
NODE_0438,secondary_substation,SOWETO EX LANGATA,36.7421051,-1.3516672,248756.86,9850483.07,Substation Number=12517; Number of Customers=19,SIMBOLOS_N_158
NODE_0439,secondary_substation,SOWETO EX LANGATA,36.746031,-1.3511112,249193.89,9850544.97,Substation Number=00430; Number of Customers=16,SIMBOLOS_N_158
NODE_0440,secondary_substation,SOWETO EX LANGATA,36.7461555,-1.3558872,249208.24,9850016.68,Substation Number=00452; Number of Customers=37,SIMBOLOS_N_158
NODE_0441,secondary_substation,SOWETO EX LANGATA,36.7425765,-1.3486844,248809.04,9850813.06,Substation Number=G 29569; Number of Customers=10,SIMBOLOS_N_158
NODE_0442,secondary_substation,SOWETO EX LANGATA,36.7609388,-1.3594634,250854.43,9849622.62,Substation Number=00455; Number of Customers=69,SIMBOLOS_N_158
NODE_0443,secondary_substation,NDALATI EX LANGATA,36.788068,-1.3163343,253870.38,9854396.06,Substation Number=181472; Number of Customers=0,SIMBOLOS_N_158
NODE_0444,secondary_substation,NDALATI EX LANGATA,36.7842356,-1.3086113,253442.96,9855249.96,Substation Number=01723; Number of Customers=179,SIMBOLOS_N_158
NODE_0445,secondary_substation,SOWETO EX LANGATA,36.7332485,-1.3334068,247768.98,9852502.07,Substation Number=02418; Number of Customers=3,SIMBOLOS_N_158
NODE_0446,secondary_substation,HARDY EX LANGATA,36.7883672,-1.3195495,253904.01,9854040.45,Substation Number=03900B; Number of Customers=261,SIMBOLOS_N_158
NODE_0447,secondary_substation,KAREN HOSPITAL EX LANGATA,36.8107128,-1.3266673,256392.39,9853255.34,Substation Number=101194; Number of Customers=96,SIMBOLOS_N_158
NODE_0448,secondary_substation,NDALATI EX LANGATA,36.7799249,-1.3123767,252963.42,9854833.03,Substation Number=31256; Number of Customers=0,SIMBOLOS_N_158
NODE_0449,secondary_substation,SOWETO EX LANGATA,36.7626577,-1.3651891,251046.38,9848989.45,Substation Number=00459; Number of Customers=27,SIMBOLOS_N_158
NODE_0450,secondary_substation,SOWETO EX LANGATA,36.7558491,-1.378288,250289.74,9847539.79,Substation Number=16370; Number of Customers=49,SIMBOLOS_N_158
NODE_0451,secondary_substation,SOWETO EX LANGATA,36.7515212,-1.3407206,249804.05,9851694.91,Substation Number=13949; Number of Customers=9,SIMBOLOS_N_158
NODE_0452,secondary_substation,NDALATI EX LANGATA,36.785079,-1.3178803,253537.77,9854224.76,Substation Number=03837; Number of Customers=262,SIMBOLOS_N_158
NODE_0453,secondary_substation,KUWINDA EX LANGATA,36.7776138,-1.3235314,252707.22,9853598.94,Substation Number=01627; Number of Customers=143,SIMBOLOS_N_158
NODE_0454,secondary_substation,MAGADI  EX LANGATA,36.7673128,-1.3692656,251565.04,9848539.01,Substation Number=32013T; Number of Customers=17,SIMBOLOS_N_158
NODE_0455,secondary_substation,NGEI EX LANGATA,36.755339,-1.3246696,250227.48,9853470.79,Substation Number=03685; Number of Customers=35,SIMBOLOS_N_158
NODE_0456,secondary_substation,SOWETO EX LANGATA,36.7593936,-1.3727911,250683.78,9848148.21,Substation Number=02189; Number of Customers=13,SIMBOLOS_N_158
NODE_0457,secondary_substation,SOWETO EX LANGATA,36.745689,-1.3717974,249157.96,9848256.69,Substation Number=00446; Number of Customers=35,SIMBOLOS_N_158
NODE_0458,secondary_substation,SOWETO EX LANGATA,36.7462861,-1.3782897,249225.11,9847538.6,Substation Number=03907; Number of Customers=47,SIMBOLOS_N_158
NODE_0459,secondary_substation,SOWETO EX LANGATA,36.7481787,-1.3787837,249435.86,9847484.16,Substation Number=13073; Number of Customers=22,SIMBOLOS_N_158
NODE_0460,secondary_substation,NGEI EX LANGATA,36.7543398,-1.3225003,250116.01,9853710.65,Substation Number=104076; Number of Customers=1,SIMBOLOS_N_158
NODE_0461,secondary_substation,KUWINDA EX LANGATA,36.7770079,-1.3259086,252640.01,9853335.92,Substation Number=32323B; Number of Customers=19,SIMBOLOS_N_158
NODE_0462,secondary_substation,NDALATI EX LANGATA,36.7829237,-1.3188986,253297.92,9854111.91,Substation Number=31106; Number of Customers=1,SIMBOLOS_N_158
NODE_0463,secondary_substation,NDALATI EX LANGATA,36.7822993,-1.3182287,253228.34,9854185.95,Substation Number=31615; Number of Customers=0,SIMBOLOS_N_158
NODE_0464,secondary_substation,KUWINDA EX LANGATA,36.776946,-1.3231734,252632.85,9853638.47,Substation Number=101164; Number of Customers=217,SIMBOLOS_N_158
NODE_0465,secondary_substation,SOWETO EX LANGATA,36.7545916,-1.3541789,250147.25,9850206.51,Substation Number=106612; Number of Customers=9,SIMBOLOS_N_158
NODE_0466,secondary_substation,NDALATI EX LANGATA,36.7810836,-1.3206776,253093.23,9853914.95,Substation Number=02006; Number of Customers=62,SIMBOLOS_N_158
NODE_0467,secondary_substation,NDALATI EX LANGATA,36.7771456,-1.313988,252654.16,9854654.52,Substation Number=101183; Number of Customers=0,SIMBOLOS_N_158
NODE_0468,secondary_substation,SOWETO EX LANGATA,36.7615531,-1.3699486,250923.9,9848462.86,Substation Number=00464; Number of Customers=14,SIMBOLOS_N_158
NODE_0469,secondary_substation,SOWETO EX LANGATA,36.7515609,-1.3376403,249808.16,9852035.64,Substation Number=106789; Number of Customers=54,SIMBOLOS_N_158
NODE_0470,secondary_substation,SOWETO EX LANGATA,36.7564374,-1.3386014,250351.17,9851929.82,Substation Number=14534; Number of Customers=17,SIMBOLOS_N_158
NODE_0471,secondary_substation,KUWINDA EX LANGATA,36.7806969,-1.3291218,253051.02,9852980.86,Substation Number=02924; Number of Customers=24,SIMBOLOS_N_158
NODE_0472,secondary_substation,SOWETO EX LANGATA,36.7345793,-1.317979,247915.58,9854208.79,Substation Number=104072; Number of Customers=0,SIMBOLOS_N_158
NODE_0473,secondary_substation,SOWETO EX LANGATA,36.74516,-1.3791319,249099.82,9847445.32,Substation Number=168973; Number of Customers=3,SIMBOLOS_N_158
NODE_0474,secondary_substation,KUWINDA EX LANGATA,36.7817401,-1.3262192,253166.87,9853302.03,Substation Number=15852; Number of Customers=86,SIMBOLOS_N_158
NODE_0475,secondary_substation,NDALATI EX LANGATA,36.7859037,-1.3184502,253629.64,9854161.81,Substation Number=33944; Number of Customers=0,SIMBOLOS_N_158
NODE_0476,secondary_substation,NDALATI EX LANGATA,36.7848662,-1.3166121,253513.95,9854365.03,Substation Number=30507; Number of Customers=65,SIMBOLOS_N_158
NODE_0477,secondary_substation,NDALATI EX LANGATA,36.7821191,-1.3162177,253208.08,9854408.38,Substation Number=32219; Number of Customers=95,SIMBOLOS_N_158
NODE_0478,secondary_substation,SOWETO EX LANGATA,36.7585619,-1.3611835,250589.99,9849432.1,Substation Number=04970B; Number of Customers=237,SIMBOLOS_N_158
NODE_0479,secondary_substation,HARDY EX LANGATA,36.7886873,-1.322912,253939.97,9853668.55,Substation Number=03901B; Number of Customers=165,SIMBOLOS_N_158
NODE_0480,secondary_substation,NDALATI EX LANGATA,36.7829039,-1.321131,253295.93,9853864.98,Substation Number=101220; Number of Customers=460,SIMBOLOS_N_158
NODE_0481,secondary_substation,SOWETO EX LANGATA,36.7532118,-1.3381538,249992.01,9851979.02,Substation Number=00400; Number of Customers=63,SIMBOLOS_N_158
NODE_0482,secondary_substation,OTIENDE EX LANGATA,36.76631,-1.3354016,251449.96,9852284.78,Substation Number=01864; Number of Customers=17,SIMBOLOS_N_158
NODE_0483,secondary_substation,KUWINDA EX LANGATA,36.7776518,-1.3207543,252711.19,9853906.12,Substation Number=G46138; Number of Customers=303,SIMBOLOS_N_158
NODE_0484,secondary_substation,SOWETO EX LANGATA,36.7414539,-1.3224451,248681.4,9853715.46,Substation Number=104073; Number of Customers=0,SIMBOLOS_N_158
NODE_0485,secondary_substation,NDALATI EX LANGATA,36.780184,-1.312095,252992.24,9854864.21,Substation Number=45592; Number of Customers=8,SIMBOLOS_N_158
NODE_0486,secondary_substation,NDALATI EX LANGATA,36.7845313,-1.3201087,253477.01,9853978.22,Substation Number=03441; Number of Customers=115,SIMBOLOS_N_158
NODE_0487,secondary_substation,NDALATI EX LANGATA,36.7781379,-1.3110893,252764.35,9854975.26,Substation Number=144987; Number of Customers=0,SIMBOLOS_N_158
NODE_0488,secondary_substation,SOWETO EX LANGATA,36.7583901,-1.3345105,250568.14,9852382.54,Substation Number=204430,SIMBOLOS_N_158
NODE_0489,secondary_substation,NDALATI EX LANGATA,36.7767603,-1.3103927,252610.91,9855052.18,Substation Number=02437A; Number of Customers=275,SIMBOLOS_N_158
NODE_0490,secondary_substation,NDALATI EX LANGATA,36.7764904,-1.3110062,252580.92,9854984.29,Substation Number=G73697; Number of Customers=162,SIMBOLOS_N_158
NODE_0491,secondary_substation,SOWETO EX LANGATA,36.7462402,-1.3544273,249217.52,9850178.17,Substation Number=00453B; Number of Customers=1,SIMBOLOS_N_158
NODE_0492,secondary_substation,SOWETO EX LANGATA,36.7358712,-1.3291301,248060.54,9852975.42,Substation Number=16372; Number of Customers=0,SIMBOLOS_N_158
NODE_0493,secondary_substation,NDALATI EX LANGATA,36.7800058,-1.3177781,252972.96,9854235.57,Substation Number=G70609; Number of Customers=84,SIMBOLOS_N_158
NODE_0494,secondary_substation,SOWETO EX LANGATA,36.7624534,-1.3438596,251021.46,9851348.8,Substation Number=01956; Number of Customers=5,SIMBOLOS_N_158
NODE_0495,secondary_substation,HARDY EX LANGATA,36.7830254,-1.3258935,253309.93,9853338.19,Substation Number=03691; Number of Customers=195,SIMBOLOS_N_158
NODE_0496,secondary_substation,NGEI EX LANGATA,36.7759257,-1.3331879,252520.26,9852530.61,Substation Number=00406; Number of Customers=4,SIMBOLOS_N_158
NODE_0497,secondary_substation,NDALATI EX LANGATA,36.7776797,-1.3093391,252713.16,9855168.81,Substation Number=32284; Number of Customers=253,SIMBOLOS_N_158
NODE_0498,secondary_substation,SOWETO EX LANGATA,36.7554121,-1.3375887,250236.91,9852041.74,Substation Number=234229,SIMBOLOS_N_158
NODE_0499,secondary_substation,SOWETO EX LANGATA,36.7513364,-1.3473232,249784.15,9850964.53,Substation Number=106810; Number of Customers=2,SIMBOLOS_N_158
NODE_0500,secondary_substation,HARDY EX LANGATA,36.7863145,-1.3200966,253675.53,9853979.73,Substation Number=33946; Number of Customers=0,SIMBOLOS_N_158
NODE_0501,secondary_substation,MAGADI  EX LANGATA,36.7658539,-1.3777713,251403.51,9847598.0,Substation Number=00462B; Number of Customers=61,SIMBOLOS_N_158
NODE_0502,secondary_substation,KUWINDA EX LANGATA,36.7729988,-1.3193107,252193.02,9854065.35,Substation Number=14155B; Number of Customers=5,SIMBOLOS_N_158
NODE_0503,secondary_substation,SOWETO EX LANGATA,36.74398,-1.3368619,248964.09,9852120.97,Substation Number=00398; Number of Customers=5,SIMBOLOS_N_158
NODE_0504,secondary_substation,KUWINDA EX LANGATA,36.7752505,-1.3200435,252443.77,9853984.51,Substation Number=31184B; Number of Customers=136,SIMBOLOS_N_158
NODE_0505,secondary_substation,HARDY EX LANGATA,36.785393,-1.3252818,253573.45,9853406.09,Substation Number=03692B; Number of Customers=48,SIMBOLOS_N_158
NODE_0506,secondary_substation,NGEI EX LANGATA,36.7677832,-1.3337839,251613.81,9852463.87,Substation Number=205526,SIMBOLOS_N_158
NODE_0507,secondary_substation,OTIENDE EX LANGATA,36.7652574,-1.3360836,251332.84,9852209.23,Substation Number=33631; Number of Customers=23,SIMBOLOS_N_158
NODE_0508,secondary_substation,KUWINDA EX LANGATA,36.7802524,-1.3274922,253001.37,9853161.08,Substation Number=03056; Number of Customers=58,SIMBOLOS_N_158
NODE_0509,secondary_substation,SOWETO EX LANGATA,36.7599677,-1.3653451,250746.92,9848971.92,Substation Number=00458; Number of Customers=59,SIMBOLOS_N_158
NODE_0510,secondary_substation,SOWETO EX LANGATA,36.7641257,-1.3609277,251209.38,9849460.97,Substation Number=14156; Number of Customers=2,SIMBOLOS_N_158
NODE_0511,secondary_substation,MAGADI  EX LANGATA,36.7739974,-1.3758874,252309.91,9847807.23,Substation Number=02037; Number of Customers=1,SIMBOLOS_N_158
NODE_0512,secondary_substation,KAREN HOSPITAL EX LANGATA,36.8071525,-1.327018,255996.07,9853216.2,Substation Number=196205; Number of Customers=0,SIMBOLOS_N_158
NODE_0513,secondary_substation,SOWETO EX LANGATA,36.762926,-1.3594322,251075.66,9849626.28,Substation Number=32287; Number of Customers=0,SIMBOLOS_N_158
NODE_0514,primary_substation,LANGATA SUBSTATION,36.7570972,-1.3393836,250424.7,9851843.37,Name=LANGATA 66KV   11KV,SIMBOLOS_N_1102
